insert into thumbnail (id, extension, path) values (1, 'data:image/png;base64,iEzz6T4qPw3D9Ahs', 'http://dummyimage.com/162x100.png/5fa2dd/ffffff');
insert into thumbnail (id, extension, path) values (2, 'data:image/png;base64,iMmNhDAANau2t3wTI=', 'http://dummyimage.com/134x100.png/5fa2dd/ffffff');
insert into thumbnail (id, extension, path) values (3, 'data:image/png;base64,i9DU1LSz5x74soDSG', 'http://dummyimage.com/119x100.png/dddddd/000000');
insert into thumbnail (id, extension, path) values (4, 'data:image/png;base64,ii1ExBpsVMLz+3zf', 'http://dummyimage.com/211x100.png/cc0000/ffffff');
insert into thumbnail (id, extension, path) values (5, 'data:image/png;base64,i+nk45pDXpv8', 'http://dummyimage.com/246x100.png/cc0000/ffffff');
insert into thumbnail (id, extension, path) values (6, 'data:image/png;base64,iAIaL4n', 'http://dummyimage.com/243x100.png/5fa2dd/ffffff');
insert into thumbnail (id, extension, path) values (7, 'data:image/png;base64,ilFTkSuQmCC', 'http://dummyimage.com/151x100.png/cc0000/ffffff');
insert into thumbnail (id, extension, path) values (8, 'data:image/png;base64,iMVYaYLp', 'http://dummyimage.com/119x100.png/ff4444/ffffff');
insert into thumbnail (id, extension, path) values (9, 'data:image/png;base64,ilUrXlAPjp+', 'http://dummyimage.com/104x100.png/cc0000/ffffff');
insert into thumbnail (id, extension, path) values (10, 'data:image/png;base64,jEixsy', 'http://dummyimage.com/148x100.png/cc0000/ffffff');
insert into thumbnail (id, extension, path) values (11, 'data:image/png;base64,Bqg2Wy2fj4Z', 'http://dummyimage.com/123x100.png/5fa2dd/ffffff');
insert into thumbnail (id, extension, path) values (12, 'data:image/png;base64,nK57H25L/Aos6', 'http://dummyimage.com/208x100.png/dddddd/000000');
insert into thumbnail (id, extension, path) values (13, 'data:image/png;base64,MLMgW9PPe==', 'http://dummyimage.com/159x100.png/5fa2dd/ffffff');
insert into thumbnail (id, extension, path) values (14, 'data:image/png;base64,CaT4SKjNaFh', 'http://dummyimage.com/151x100.png/cc0000/ffffff');
insert into thumbnail (id, extension, path) values (15, 'data:image/png;base64,92MDBXJZce', 'http://dummyimage.com/155x100.png/dddddd/000000');
insert into thumbnail (id, extension, path) values (16, 'data:image/png;base64,8kEZCITYMgOn', 'http://dummyimage.com/105x100.png/5fa2dd/ffffff');
insert into thumbnail (id, extension, path) values (17, 'data:image/png;base64,x7oSVwePtJA', 'http://dummyimage.com/202x100.png/5fa2dd/ffffff');
insert into thumbnail (id, extension, path) values (18, 'data:image/png;base64,VfEBkEIpJwkC', 'http://dummyimage.com/192x100.png/cc0000/ffffff');
insert into thumbnail (id, extension, path) values (19, 'data:image/png;base64,eMfQU6/b+r=', 'http://dummyimage.com/175x100.png/dddddd/000000');
insert into thumbnail (id, extension, path) values (20, 'data:image/png;base64,686F0uOSmeGdz', 'http://dummyimage.com/132x100.png/5fa2dd/ffffff');


insert into urls (id, type, url) values (1, 'Rank', 'http://dummyimage.com/115x100.png/dddddd/000000');
insert into urls (id, type, url) values (2, 'Fixflex', 'http://dummyimage.com/223x100.png/cc0000/ffffff');
insert into urls (id, type, url) values (3, 'Vagram', 'http://dummyimage.com/217x100.png/ff4444/ffffff');
insert into urls (id, type, url) values (4, 'Toughjoyfax', 'http://dummyimage.com/180x100.png/cc0000/ffffff');
insert into urls (id, type, url) values (5, 'Sub-Ex', 'http://dummyimage.com/242x100.png/ff4444/ffffff');
insert into urls (id, type, url) values (6, 'Cardguard', 'http://dummyimage.com/237x100.png/dddddd/000000');
insert into urls (id, type, url) values (7, 'Greenlam', 'http://dummyimage.com/216x100.png/ff4444/ffffff');
insert into urls (id, type, url) values (8, 'Cardguard', 'http://dummyimage.com/247x100.png/dddddd/000000');
insert into urls (id, type, url) values (9, 'Tempsoft', 'http://dummyimage.com/151x100.png/ff4444/ffffff');
insert into urls (id, type, url) values (10, 'Solarbreeze', 'http://dummyimage.com/227x100.png/dddddd/000000');
insert into urls (id, type, url) values (11, 'Prodder', 'http://dummyimage.com/124x100.png/cc0000/ffffff');
insert into urls (id, type, url) values (12, 'Tresom', 'http://dummyimage.com/210x100.png/5fa2dd/ffffff');
insert into urls (id, type, url) values (13, 'Konklux', 'http://dummyimage.com/201x100.png/dddddd/000000');
insert into urls (id, type, url) values (14, 'Zamit', 'http://dummyimage.com/122x100.png/5fa2dd/ffffff');
insert into urls (id, type, url) values (15, 'Span', 'http://dummyimage.com/121x100.png/5fa2dd/ffffff');
insert into urls (id, type, url) values (16, 'Solarbreeze', 'http://dummyimage.com/138x100.png/dddddd/000000');
insert into urls (id, type, url) values (17, 'Stim', 'http://dummyimage.com/191x100.png/dddddd/000000');
insert into urls (id, type, url) values (18, 'Sub-Ex', 'http://dummyimage.com/166x100.png/ff4444/ffffff');
insert into urls (id, type, url) values (19, 'Tin', 'http://dummyimage.com/104x100.png/5fa2dd/ffffff');
insert into urls (id, type, url) values (20, 'Cardify', 'http://dummyimage.com/161x100.png/ff4444/ffffff');
insert into urls (id, type, url) values (21, 'Regrant', 'http://dummyimage.com/234x100.png/5fa2dd/ffffff');
insert into urls (id, type, url) values (22, 'Quo Lux', 'http://dummyimage.com/191x100.png/ff4444/ffffff');
insert into urls (id, type, url) values (23, 'Cookley', 'http://dummyimage.com/123x100.png/5fa2dd/ffffff');
insert into urls (id, type, url) values (24, 'Duobam', 'http://dummyimage.com/111x100.png/5fa2dd/ffffff');
insert into urls (id, type, url) values (25, 'Aerified', 'http://dummyimage.com/238x100.png/cc0000/ffffff');
insert into urls (id, type, url) values (26, 'Trippledex', 'http://dummyimage.com/175x100.png/dddddd/000000');
insert into urls (id, type, url) values (27, 'Vagram', 'http://dummyimage.com/210x100.png/5fa2dd/ffffff');
insert into urls (id, type, url) values (28, 'Andalax', 'http://dummyimage.com/184x100.png/5fa2dd/ffffff');
insert into urls (id, type, url) values (29, 'Cardify', 'http://dummyimage.com/238x100.png/ff4444/ffffff');
insert into urls (id, type, url) values (30, 'Bigtax', 'http://dummyimage.com/242x100.png/ff4444/ffffff');

insert into comics (id, isbn, title, urls_id) values (1, '595389598-4', 'Reivers, The', 1);
insert into comics (id, isbn, title, urls_id) values (2, '543795602-9', 'Angel Named Billy, An', 2);
insert into comics (id, isbn, title, urls_id) values (3, '779213948-4', 'DiG!', 3);
insert into comics (id, isbn, title, urls_id) values (4, '208935619-7', 'Dear Jesse', 4);
insert into comics (id, isbn, title, urls_id) values (5, '414222086-1', 'Flock of Dodos: The Evolution-Intelligent Design Circus', 5);
insert into comics (id, isbn, title, urls_id) values (6, '105292150-7', 'The Seven Males', 6);
insert into comics (id, isbn, title, urls_id) values (7, '569151337-0', 'Frozen North, The', 7);
insert into comics (id, isbn, title, urls_id) values (8, '815480660-6', 'Loulou', 8);
insert into comics (id, isbn, title, urls_id) values (9, '476989625-5', 'Diminished Capacity', 9);
insert into comics (id, isbn, title, urls_id) values (10, '294386573-7', 'Weirdsville', 10);
insert into comics (id, isbn, title, urls_id) values (11, '789804713-3', 'Proud and the Beautiful, The (Orgueilleux, Les) (Proud Ones, The)', 11);
insert into comics (id, isbn, title, urls_id) values (12, '058183264-7', 'About Schmidt', 12);
insert into comics (id, isbn, title, urls_id) values (13, '230774695-1', 'Powers of Ten', 13);
insert into comics (id, isbn, title, urls_id) values (14, '708276600-9', 'Streamers', 14);
insert into comics (id, isbn, title, urls_id) values (15, '440289356-9', 'Men with Guns', 15);
insert into comics (id, isbn, title, urls_id) values (16, '099836335-9', 'Jane Eyre', 16);
insert into comics (id, isbn, title, urls_id) values (17, '408888286-5', 'Christmas in July', 17);
insert into comics (id, isbn, title, urls_id) values (18, '202376241-3', 'Too Many Cooks', 18);
insert into comics (id, isbn, title, urls_id) values (19, '780606298-X', 'Collector, The (La collectionneuse)', 19);
insert into comics (id, isbn, title, urls_id) values (20, '911759702-1', 'Manny & Lo', 20);
insert into comics (id, isbn, title, urls_id) values (21, '501084189-4', 'Rainmaker, The', 21);
insert into comics (id, isbn, title, urls_id) values (22, '367810582-3', 'Chill Out! (Descongélate!)', 22);
insert into comics (id, isbn, title, urls_id) values (23, '965224159-8', 'Conversation with Gregory Peck, A', 23);
insert into comics (id, isbn, title, urls_id) values (24, '280213789-1', 'Compulsion', 24);
insert into comics (id, isbn, title, urls_id) values (25, '429944919-3', 'Funeral, The (Ososhiki)', 25);
insert into comics (id, isbn, title, urls_id) values (26, '456343837-5', 'Everything You Always Wanted to Know About Sex * But Were Afraid to Ask', 26);
insert into comics (id, isbn, title, urls_id) values (27, '363836860-2', 'Waking Life', 27);
insert into comics (id, isbn, title, urls_id) values (28, '239621934-0', 'Verlorene, Der (Lost One, The)', 28);
insert into comics (id, isbn, title, urls_id) values (29, '123946737-0', 'Beneath', 29);
insert into comics (id, isbn, title, urls_id) values (30, '987951372-X', 'Amityville 3-D', 30);

insert into characters (id, description, name, thumbnail_id) values (1, 'Carex complanata Torr. & Hook.', 'Beret', 1);
insert into characters (id, description, name, thumbnail_id) values (2, 'Platanthera dilatata (Pursh) Lindl. ex Beck var. albiflora (Cham.) Ledeb.', 'Aldrich', 2);
insert into characters (id, description, name, thumbnail_id) values (3, 'Carex crus-corvi Shuttlw. ex Kunze', 'West', 3);
insert into characters (id, description, name, thumbnail_id) values (4, 'Lupinus lyallii A. Gray', 'Ambrosio', 4);
insert into characters (id, description, name, thumbnail_id) values (5, 'Piptochaetium avenaceum (L.) Parodi', 'Imogen', 5);
insert into characters (id, description, name, thumbnail_id) values (6, 'Lessingia Cham.', 'Ealasaid', 6);
insert into characters (id, description, name, thumbnail_id) values (7, 'Oxypolis occidentalis J.M. Coult. & Rose', 'Dosi', 7);
insert into characters (id, description, name, thumbnail_id) values (8, 'Abies fraseri (Pursh) Poir.', 'Zahara', 8);
insert into characters (id, description, name, thumbnail_id) values (9, 'Lepidium jaredii Brandegee', 'Madeleine', 9);
insert into characters (id, description, name, thumbnail_id) values (10, 'Psychotria wawrae Sohmer', 'Ambrose', 10);
insert into characters (id, description, name, thumbnail_id) values (11, 'Physcia (Schreb.) Michx.', 'Kev', 11);
insert into characters (id, description, name, thumbnail_id) values (12, 'Severinia Ten. ex Endl.', 'Adair', 12);
insert into characters (id, description, name, thumbnail_id) values (13, 'Arabidopsis arenicola (Richardson ex Hook.) Reidar Elvin et al.', 'Woody', 13);
insert into characters (id, description, name, thumbnail_id) values (14, 'Crataegus douglasii Lindl.', 'Evita', 14);
insert into characters (id, description, name, thumbnail_id) values (15, 'Brickellia lemmonii A. Gray', 'Desmund', 15);
insert into characters (id, description, name, thumbnail_id) values (16, 'Salix eastwoodiae Cockerell ex A. Heller', 'Waite', 16);
insert into characters (id, description, name, thumbnail_id) values (17, 'Panicum hirticaule J. Presl var. stramineum (Hitchc. & Chase) Beetle', 'Melonie', 17);
insert into characters (id, description, name, thumbnail_id) values (18, 'Eriogonum congdonii (S. Stokes) Reveal', 'Bernadina', 18);
insert into characters (id, description, name, thumbnail_id) values (19, 'Trifolium bocconei Savi', 'Karlens', 19);
insert into characters (id, description, name, thumbnail_id) values (20, 'Muhlenbergia sobolifera (Muhl. ex Willd.) Trin.', 'Lanni', 20);

insert into characters_comics (character_id, comics_id) values (5, 10);
insert into characters_comics (character_id, comics_id) values (7, 6);
insert into characters_comics (character_id, comics_id) values (6, 20);
insert into characters_comics (character_id, comics_id) values (13, 19);
insert into characters_comics (character_id, comics_id) values (13, 14);
insert into characters_comics (character_id, comics_id) values (13, 1);
insert into characters_comics (character_id, comics_id) values (4, 8);
insert into characters_comics (character_id, comics_id) values (2, 16);
insert into characters_comics (character_id, comics_id) values (15, 2);
insert into characters_comics (character_id, comics_id) values (2, 13);
insert into characters_comics (character_id, comics_id) values (11, 15);
insert into characters_comics (character_id, comics_id) values (1, 8);
insert into characters_comics (character_id, comics_id) values (18, 10);
insert into characters_comics (character_id, comics_id) values (18, 7);
insert into characters_comics (character_id, comics_id) values (18, 14);
insert into characters_comics (character_id, comics_id) values (17, 15);
insert into characters_comics (character_id, comics_id) values (16, 4);
insert into characters_comics (character_id, comics_id) values (12, 15);
insert into characters_comics (character_id, comics_id) values (6, 19);
insert into characters_comics (character_id, comics_id) values (19, 18);
insert into characters_comics (character_id, comics_id) values (13, 15);
insert into characters_comics (character_id, comics_id) values (2, 11);
insert into characters_comics (character_id, comics_id) values (11, 11);
insert into characters_comics (character_id, comics_id) values (15, 9);
insert into characters_comics (character_id, comics_id) values (7, 17);
insert into characters_comics (character_id, comics_id) values (8, 7);
insert into characters_comics (character_id, comics_id) values (16, 16);
insert into characters_comics (character_id, comics_id) values (17, 9);
insert into characters_comics (character_id, comics_id) values (8, 11);
insert into characters_comics (character_id, comics_id) values (16, 19);